<?xml version="1.0" encoding="UTF-8"?>
<GenRun Id="impl_1" LaunchPart="xc7a100tcsg324-1" LaunchTime="1733762374">
  <File Type="ROUTE-PWR" Name="genrampe_power_routed.rpt"/>
  <File Type="PA-TCL" Name="genrampe.tcl"/>
  <File Type="ROUTE-PWR-SUM" Name="genrampe_power_summary_routed.pb"/>
  <File Type="REPORTS-TCL" Name="genrampe_reports.tcl"/>
  <File Type="BITSTR-MSK" Name="genrampe.msk"/>
  <File Type="ROUTE-CLK" Name="genrampe_clock_utilization_routed.rpt"/>
  <File Type="RDI-RDI" Name="genrampe.vdi"/>
  <File Type="POSTROUTE-PHYSOPT-BUS-SKEW-PB" Name="genrampe_bus_skew_postroute_physopted.pb"/>
  <File Type="BG-BIT" Name="genrampe.bit"/>
  <File Type="BG-DRC" Name="genrampe.drc"/>
  <File Type="BG-BGN" Name="genrampe.bgn"/>
  <File Type="BG-BIN" Name="genrampe.bin"/>
  <File Type="BITSTR-RBT" Name="genrampe.rbt"/>
  <File Type="BITSTR-NKY" Name="genrampe.nky"/>
  <File Type="BITSTR-BMM" Name="genrampe_bd.bmm"/>
  <File Type="BITSTR-MMI" Name="genrampe.mmi"/>
  <File Type="ROUTE-METHODOLOGY-DRC" Name="genrampe_methodology_drc_routed.rpt"/>
  <File Type="BITSTR-SYSDEF" Name="genrampe.sysdef"/>
  <File Type="ROUTE-METHODOLOGY-DRC-PB" Name="genrampe_methodology_drc_routed.pb"/>
  <File Type="BITSTR-LTX" Name="debug_nets.ltx"/>
  <File Type="BITSTR-LTX" Name="genrampe.ltx"/>
  <File Type="BOOT-PDI-FILE" Name="genrampe_boot.pdi"/>
  <File Type="WBT-USG" Name="usage_statistics_webtalk.html"/>
  <File Type="NPI_FILE" Name="genrampe.npi"/>
  <File Type="OPT-DRC" Name="genrampe_drc_opted.rpt"/>
  <File Type="RBD_FILE" Name="genrampe.rbd"/>
  <File Type="OPT-HWDEF" Name="genrampe.hwdef"/>
  <File Type="PLACE-IO" Name="genrampe_io_placed.rpt"/>
  <File Type="PLACE-UTIL" Name="genrampe_utilization_placed.rpt"/>
  <File Type="PLACE-UTIL-PB" Name="genrampe_utilization_placed.pb"/>
  <File Type="PLACE-CTRL" Name="genrampe_control_sets_placed.rpt"/>
  <File Type="PLACE-PRE-SIMILARITY" Name="genrampe_incremental_reuse_pre_placed.rpt"/>
  <File Type="ROUTE-DRC" Name="genrampe_drc_routed.rpt"/>
  <File Type="ROUTE-DRC-PB" Name="genrampe_drc_routed.pb"/>
  <File Type="ROUTE-PWR-RPX" Name="genrampe_power_routed.rpx"/>
  <File Type="ROUTE-STATUS" Name="genrampe_route_status.rpt"/>
  <File Type="ROUTE-STATUS-PB" Name="genrampe_route_status.pb"/>
  <File Type="ROUTE-DCP" Name="genrampe_routed.dcp"/>
  <File Type="ROUTE-ERROR-DCP" Name="genrampe_routed_error.dcp"/>
  <File Type="ROUTE-BLACKBOX-DCP" Name="genrampe_routed_bb.dcp"/>
  <File Type="ROUTE-TIMINGSUMMARY" Name="genrampe_timing_summary_routed.rpt"/>
  <File Type="ROUTE-TIMING-PB" Name="genrampe_timing_summary_routed.pb"/>
  <File Type="ROUTE-TIMING-RPX" Name="genrampe_timing_summary_routed.rpx"/>
  <File Type="ROUTE-SIMILARITY" Name="genrampe_incremental_reuse_routed.rpt"/>
  <File Type="ROUTE-BUS-SKEW" Name="genrampe_bus_skew_routed.rpt"/>
  <File Type="ROUTE-BUS-SKEW-PB" Name="genrampe_bus_skew_routed.pb"/>
  <File Type="ROUTE-BUS-SKEW-RPX" Name="genrampe_bus_skew_routed.rpx"/>
  <File Type="OPT-DCP" Name="genrampe_opt.dcp"/>
  <File Type="PLACE-DCP" Name="genrampe_placed.dcp"/>
  <File Type="PWROPT-DCP" Name="genrampe_pwropt.dcp"/>
  <File Type="POSTPLACE-PWROPT-DCP" Name="genrampe_postplace_pwropt.dcp"/>
  <File Type="PHYSOPT-DCP" Name="genrampe_physopt.dcp"/>
  <File Type="POSTROUTE-PHYSOPT-DCP" Name="genrampe_postroute_physopt.dcp"/>
  <File Type="POSTROUTE-PHYSOPT-BLACKBOX-DCP" Name="genrampe_postroute_physopt_bb.dcp"/>
  <File Type="POSTROUTE-PHYSOPT-TIMING" Name="genrampe_timing_summary_postroute_physopted.rpt"/>
  <File Type="POSTROUTE-PHYSOPT-TIMING-PB" Name="genrampe_timing_summary_postroute_physopted.pb"/>
  <File Type="POSTROUTE-PHYSOPT-TIMING-RPX" Name="genrampe_timing_summary_postroute_physopted.rpx"/>
  <File Type="POSTROUTE-PHYSOPT-BUS-SKEW" Name="genrampe_bus_skew_postroute_physopted.rpt"/>
  <File Type="POSTROUTE-PHYSOPT-BUS-SKEW-RPX" Name="genrampe_bus_skew_postroute_physopted.rpx"/>
  <File Type="ROUTE-DRC-RPX" Name="genrampe_drc_routed.rpx"/>
  <File Type="ROUTE-METHODOLOGY-DRC-RPX" Name="genrampe_methodology_drc_routed.rpx"/>
  <File Type="PDI-FILE" Name="genrampe.pdi"/>
  <File Type="PL-PDI-FILE" Name="genrampe_pld.pdi"/>
  <File Type="RCFI_FILE" Name="genrampe.rcfi"/>
  <File Type="CFI_FILE" Name="genrampe.cfi"/>
  <File Type="RNPI_FILE" Name="genrampe.rnpi"/>
  <File Type="ROUTE-RQS" Name="genrampe_routed.rqs"/>
  <File Type="POSTROUTE-PHYSOPT-RQS" Name="genrampe_postroute_physopted.rqs"/>
  <File Type="ROUTE-RQS-RPT" Name="route_report_qor_suggestions_0.rpt"/>
  <File Type="POSTROUTE-PHYSOPT-RQS-RPT" Name="postroute_physopt_report_qor_suggestions_0.rpt"/>
  <FileSet Name="sources" Type="DesignSrcs" RelSrcDir="$PSRCDIR/sources_1" RelGenDir="$PGENDIR/sources_1">
    <Filter Type="Srcs"/>
    <File Path="$PSRCDIR/sources_1/new/Derivateur.vhd">
      <FileInfo>
        <Attr Name="UsedIn" Val="synthesis"/>
        <Attr Name="UsedIn" Val="simulation"/>
      </FileInfo>
    </File>
    <File Path="$PSRCDIR/sources_1/new/Detect_Front.vhd">
      <FileInfo>
        <Attr Name="UsedIn" Val="synthesis"/>
        <Attr Name="UsedIn" Val="simulation"/>
      </FileInfo>
    </File>
    <File Path="$PSRCDIR/sources_1/new/filtre_ph.vhd">
      <FileInfo>
        <Attr Name="UsedIn" Val="synthesis"/>
        <Attr Name="UsedIn" Val="simulation"/>
      </FileInfo>
    </File>
    <File Path="$PSRCDIR/sources_1/new/memoire.vhd">
      <FileInfo>
        <Attr Name="UsedIn" Val="synthesis"/>
        <Attr Name="UsedIn" Val="simulation"/>
      </FileInfo>
    </File>
    <File Path="$PSRCDIR/sources_1/new/tempo.vhd">
      <FileInfo>
        <Attr Name="UsedIn" Val="synthesis"/>
        <Attr Name="UsedIn" Val="simulation"/>
      </FileInfo>
    </File>
    <File Path="$PSRCDIR/sources_1/new/genrampe.vhd">
      <FileInfo>
        <Attr Name="UsedIn" Val="synthesis"/>
        <Attr Name="UsedIn" Val="simulation"/>
      </FileInfo>
    </File>
    <Config>
      <Option Name="DesignMode" Val="RTL"/>
      <Option Name="TopModule" Val="genrampe"/>
      <Option Name="TopAutoSet" Val="TRUE"/>
    </Config>
  </FileSet>
  <FileSet Name="constrs_in" Type="Constrs" RelSrcDir="$PSRCDIR/constrs_1" RelGenDir="$PGENDIR/constrs_1">
    <Filter Type="Constrs"/>
    <File Path="$PSRCDIR/constrs_1/new/const.xdc">
      <FileInfo>
        <Attr Name="UsedIn" Val="synthesis"/>
        <Attr Name="UsedIn" Val="implementation"/>
      </FileInfo>
    </File>
    <Config>
      <Option Name="ConstrsType" Val="XDC"/>
    </Config>
  </FileSet>
  <FileSet Name="utils" Type="Utils" RelSrcDir="$PSRCDIR/utils_1" RelGenDir="$PGENDIR/utils_1">
    <Filter Type="Utils"/>
    <File Path="$PSRCDIR/utils_1/imports/synth_1/genrampe.dcp">
      <FileInfo>
        <Attr Name="UsedIn" Val="synthesis"/>
        <Attr Name="UsedIn" Val="implementation"/>
        <Attr Name="UsedInSteps" Val="synth_1"/>
        <Attr Name="AutoDcp" Val="1"/>
      </FileInfo>
    </File>
    <Config>
      <Option Name="TopAutoSet" Val="TRUE"/>
    </Config>
  </FileSet>
  <Strategy Version="1" Minor="2">
    <StratHandle Name="Vivado Implementation Defaults" Flow="Vivado Implementation 2024"/>
    <Step Id="init_design"/>
    <Step Id="opt_design"/>
    <Step Id="power_opt_design"/>
    <Step Id="place_design"/>
    <Step Id="post_place_power_opt_design"/>
    <Step Id="phys_opt_design"/>
    <Step Id="route_design"/>
    <Step Id="post_route_phys_opt_design"/>
    <Step Id="write_bitstream"/>
    <Step Id="write_device_image"/>
  </Strategy>
  <BlockFileSet Type="BlockSrcs" Name="xadc_wiz_0"/>
</GenRun>
